{
    "NBA": {
        "ATL": {"city": "Atlanta", "name": "Hawks", "poly_slug": "hawks"},
        "BOS": {"city": "Boston", "name": "Celtics", "poly_slug": "celtics"},
        "BKN": {"city": "Brooklyn", "name": "Nets", "poly_slug": "nets"},
        "CHA": {"city": "Charlotte", "name": "Hornets", "poly_slug": "hornets"},
        "CHI": {"city": "Chicago", "name": "Bulls", "poly_slug": "bulls"},
        "CLE": {"city": "Cleveland", "name": "Cavaliers", "poly_slug": "cavaliers"},
        "DAL": {"city": "Dallas", "name": "Mavericks", "poly_slug": "mavericks"},
        "DEN": {"city": "Denver", "name": "Nuggets", "poly_slug": "nuggets"},
        "DET": {"city": "Detroit", "name": "Pistons", "poly_slug": "pistons"},
        "GSW": {"city": "Golden State", "name": "Warriors", "poly_slug": "warriors"},
        "HOU": {"city": "Houston", "name": "Rockets", "poly_slug": "rockets"},
        "IND": {"city": "Indiana", "name": "Pacers", "poly_slug": "pacers"},
        "LAC": {"city": "LA", "name": "Clippers", "poly_slug": "clippers"},
        "LAL": {"city": "LA", "name": "Lakers", "poly_slug": "lakers"},
        "MEM": {"city": "Memphis", "name": "Grizzlies", "poly_slug": "grizzlies"},
        "MIA": {"city": "Miami", "name": "Heat", "poly_slug": "heat"},
        "MIL": {"city": "Milwaukee", "name": "Bucks", "poly_slug": "bucks"},
        "MIN": {"city": "Minnesota", "name": "Timberwolves", "poly_slug": "timberwolves"},
        "NOP": {"city": "New Orleans", "name": "Pelicans", "poly_slug": "pelicans"},
        "NYK": {"city": "New York", "name": "Knicks", "poly_slug": "knicks"},
        "OKC": {"city": "Oklahoma City", "name": "Thunder", "poly_slug": "thunder"},
        "ORL": {"city": "Orlando", "name": "Magic", "poly_slug": "magic"},
        "PHI": {"city": "Philadelphia", "name": "76ers", "poly_slug": "76ers"},
        "PHX": {"city": "Phoenix", "name": "Suns", "poly_slug": "suns"},
        "POR": {"city": "Portland", "name": "Trail Blazers", "poly_slug": "trail-blazers"},
        "SAC": {"city": "Sacramento", "name": "Kings", "poly_slug": "kings"},
        "SAS": {"city": "San Antonio", "name": "Spurs", "poly_slug": "spurs"},
        "TOR": {"city": "Toronto", "name": "Raptors", "poly_slug": "raptors"},
        "UTA": {"city": "Utah", "name": "Jazz", "poly_slug": "jazz"},
        "WAS": {"city": "Washington", "name": "Wizards", "poly_slug": "wizards"}
    },
    "NFL": {
        "ARI": {"city": "Arizona", "name": "Cardinals", "poly_slug": "cardinals"},
        "ATL": {"city": "Atlanta", "name": "Falcons", "poly_slug": "falcons"},
        "BAL": {"city": "Baltimore", "name": "Ravens", "poly_slug": "ravens"},
        "BUF": {"city": "Buffalo", "name": "Bills", "poly_slug": "bills"},
        "CAR": {"city": "Carolina", "name": "Panthers", "poly_slug": "panthers"},
        "CHI": {"city": "Chicago", "name": "Bears", "poly_slug": "bears"},
        "CIN": {"city": "Cincinnati", "name": "Bengals", "poly_slug": "bengals"},
        "CLE": {"city": "Cleveland", "name": "Browns", "poly_slug": "browns"},
        "DAL": {"city": "Dallas", "name": "Cowboys", "poly_slug": "cowboys"},
        "DEN": {"city": "Denver", "name": "Broncos", "poly_slug": "broncos"},
        "DET": {"city": "Detroit", "name": "Lions", "poly_slug": "lions"},
        "GB":  {"city": "Green Bay", "name": "Packers", "poly_slug": "packers"},
        "HOU": {"city": "Houston", "name": "Texans", "poly_slug": "texans"},
        "IND": {"city": "Indianapolis", "name": "Colts", "poly_slug": "colts"},
        "JAC": {"city": "Jacksonville", "name": "Jaguars", "poly_slug": "jaguars"},
        "KC":  {"city": "Kansas City", "name": "Chiefs", "poly_slug": "chiefs"},
        "LV":  {"city": "Las Vegas", "name": "Raiders", "poly_slug": "raiders"},
        "LAC": {"city": "LA", "name": "Chargers", "poly_slug": "chargers"},
        "LAR": {"city": "LA", "name": "Rams", "poly_slug": "rams"},
        "MIA": {"city": "Miami", "name": "Dolphins", "poly_slug": "dolphins"},
        "MIN": {"city": "Minnesota", "name": "Vikings", "poly_slug": "vikings"},
        "NE":  {"city": "New England", "name": "Patriots", "poly_slug": "patriots"},
        "NO":  {"city": "New Orleans", "name": "Saints", "poly_slug": "saints"},
        "NYG": {"city": "New York", "name": "Giants", "poly_slug": "giants"},
        "NYJ": {"city": "New York", "name": "Jets", "poly_slug": "jets"},
        "PHI": {"city": "Philadelphia", "name": "Eagles", "poly_slug": "eagles"},
        "PIT": {"city": "Pittsburgh", "name": "Steelers", "poly_slug": "steelers"},
        "SF":  {"city": "San Francisco", "name": "49ers", "poly_slug": "49ers"},
        "SEA": {"city": "Seattle", "name": "Seahawks", "poly_slug": "seahawks"},
        "TB":  {"city": "Tampa Bay", "name": "Buccaneers", "poly_slug": "buccaneers"},
        "TEN": {"city": "Tennessee", "name": "Titans", "poly_slug": "titans"},
        "WAS": {"city": "Washington", "name": "Commanders", "poly_slug": "commanders"}
    },
    "MLB": {
        "AZ":  {"city": "Arizona", "name": "Diamondbacks", "poly_slug": "diamondbacks"},
        "ATL": {"city": "Atlanta", "name": "Braves", "poly_slug": "braves"},
        "BAL": {"city": "Baltimore", "name": "Orioles", "poly_slug": "orioles"},
        "BOS": {"city": "Boston", "name": "Red Sox", "poly_slug": "red-sox"},
        "CHC": {"city": "Chicago", "name": "Cubs", "poly_slug": "cubs"},
        "CWS": {"city": "Chicago", "name": "White Sox", "poly_slug": "white-sox"},
        "CIN": {"city": "Cincinnati", "name": "Reds", "poly_slug": "reds"},
        "CLE": {"city": "Cleveland", "name": "Guardians", "poly_slug": "guardians"},
        "COL": {"city": "Colorado", "name": "Rockies", "poly_slug": "rockies"},
        "DET": {"city": "Detroit", "name": "Tigers", "poly_slug": "tigers"},
        "HOU": {"city": "Houston", "name": "Astros", "poly_slug": "astros"},
        "KC":  {"city": "Kansas City", "name": "Royals", "poly_slug": "royals"},
        "LAA": {"city": "LA", "name": "Angels", "poly_slug": "angels"},
        "LAD": {"city": "LA", "name": "Dodgers", "poly_slug": "dodgers"},
        "MIA": {"city": "Miami", "name": "Marlins", "poly_slug": "marlins"},
        "MIL": {"city": "Milwaukee", "name": "Brewers", "poly_slug": "brewers"},
        "MIN": {"city": "Minnesota", "name": "Twins", "poly_slug": "twins"},
        "NYM": {"city": "New York", "name": "Mets", "poly_slug": "mets"},
        "NYY": {"city": "New York", "name": "Yankees", "poly_slug": "yankees"},
        "OAK": {"city": "Oakland", "name": "Athletics", "poly_slug": "athletics"},
        "PHI": {"city": "Philadelphia", "name": "Phillies", "poly_slug": "phillies"},
        "PIT": {"city": "Pittsburgh", "name": "Pirates", "poly_slug": "pirates"},
        "SD":  {"city": "San Diego", "name": "Padres", "poly_slug": "padres"},
        "SF":  {"city": "San Francisco", "name": "Giants", "poly_slug": "giants"},
        "SEA": {"city": "Seattle", "name": "Mariners", "poly_slug": "mariners"},
        "STL": {"city": "St. Louis", "name": "Cardinals", "poly_slug": "cardinals"},
        "TB":  {"city": "Tampa Bay", "name": "Rays", "poly_slug": "rays"},
        "TEX": {"city": "Texas", "name": "Rangers", "poly_slug": "rangers"},
        "TOR": {"city": "Toronto", "name": "Blue Jays", "poly_slug": "blue-jays"},
        "WSH": {"city": "Washington", "name": "Nationals", "poly_slug": "nationals"}
    },
    "NHL": {
        "ANA": {"city": "Anaheim", "name": "Ducks", "poly_slug": "ducks"},
        "BOS": {"city": "Boston", "name": "Bruins", "poly_slug": "bruins"},
        "BUF": {"city": "Buffalo", "name": "Sabres", "poly_slug": "sabres"},
        "CGY": {"city": "Calgary", "name": "Flames", "poly_slug": "flames"},
        "CAR": {"city": "Carolina", "name": "Hurricanes", "poly_slug": "hurricanes"},
        "CHI": {"city": "Chicago", "name": "Blackhawks", "poly_slug": "blackhawks"},
        "COL": {"city": "Colorado", "name": "Avalanche", "poly_slug": "avalanche"},
        "CBJ": {"city": "Columbus", "name": "Blue Jackets", "poly_slug": "blue-jackets"},
        "DAL": {"city": "Dallas", "name": "Stars", "poly_slug": "stars"},
        "DET": {"city": "Detroit", "name": "Red Wings", "poly_slug": "red-wings"},
        "EDM": {"city": "Edmonton", "name": "Oilers", "poly_slug": "oilers"},
        "FLA": {"city": "Florida", "name": "Panthers", "poly_slug": "panthers"},
        "LAK": {"city": "LA", "name": "Kings", "poly_slug": "kings"},
        "MIN": {"city": "Minnesota", "name": "Wild", "poly_slug": "wild"},
        "MTL": {"city": "Montreal", "name": "Canadiens", "poly_slug": "canadiens"},
        "NSH": {"city": "Nashville", "name": "Predators", "poly_slug": "predators"},
        "NJD": {"city": "New Jersey", "name": "Devils", "poly_slug": "devils"},
        "NYI": {"city": "New York", "name": "Islanders", "poly_slug": "islanders"},
        "NYR": {"city": "New York", "name": "Rangers", "poly_slug": "rangers"},
        "OTT": {"city": "Ottawa", "name": "Senators", "poly_slug": "senators"},
        "PHI": {"city": "Philadelphia", "name": "Flyers", "poly_slug": "flyers"},
        "PIT": {"city": "Pittsburgh", "name": "Penguins", "poly_slug": "penguins"},
        "SJS": {"city": "San Jose", "name": "Sharks", "poly_slug": "sharks"},
        "SEA": {"city": "Seattle", "name": "Kraken", "poly_slug": "kraken"},
        "STL": {"city": "St. Louis", "name": "Blues", "poly_slug": "blues"},
        "TBL": {"city": "Tampa Bay", "name": "Lightning", "poly_slug": "lightning"},
        "TOR": {"city": "Toronto", "name": "Maple Leafs", "poly_slug": "maple-leafs"},
        "UTA": {"city": "Utah", "name": "Hockey Team", "poly_slug": "hockey-team"},
        "VAN": {"city": "Vancouver", "name": "Canucks", "poly_slug": "canucks"},
        "VGK": {"city": "Vegas", "name": "Golden Knights", "poly_slug": "golden-knights"},
        "WSH": {"city": "Washington", "name": "Capitals", "poly_slug": "capitals"},
        "WPG": {"city": "Winnipeg", "name": "Jets", "poly_slug": "jets"}
    }
}