{
    "NBA": {
        "ATL": {"city": "Atlanta", "name": "Hawks", "poly_slug": "hawks", "poly_abbr": "ATL"},
        "BOS": {"city": "Boston", "name": "Celtics", "poly_slug": "celtics", "poly_abbr": "BOS"},
        "BKN": {"city": "Brooklyn", "name": "Nets", "poly_slug": "nets", "poly_abbr": "BKN"},
        "CHA": {"city": "Charlotte", "name": "Hornets", "poly_slug": "hornets", "poly_abbr": "CHA"},
        "CHI": {"city": "Chicago", "name": "Bulls", "poly_slug": "bulls", "poly_abbr": "CHI"},
        "CLE": {"city": "Cleveland", "name": "Cavaliers", "poly_slug": "cavaliers", "poly_abbr": "CLE"},
        "DAL": {"city": "Dallas", "name": "Mavericks", "poly_slug": "mavericks", "poly_abbr": "DAL"},
        "DEN": {"city": "Denver", "name": "Nuggets", "poly_slug": "nuggets", "poly_abbr": "DEN"},
        "DET": {"city": "Detroit", "name": "Pistons", "poly_slug": "pistons", "poly_abbr": "DET"},
        "GSW": {"city": "Golden State", "name": "Warriors", "poly_slug": "warriors", "poly_abbr": "GSW"},
        "HOU": {"city": "Houston", "name": "Rockets", "poly_slug": "rockets", "poly_abbr": "HOU"},
        "IND": {"city": "Indiana", "name": "Pacers", "poly_slug": "pacers", "poly_abbr": "IND"},
        "LAC": {"city": "LA", "name": "Clippers", "poly_slug": "clippers", "poly_abbr": "LAC"},
        "LAL": {"city": "LA", "name": "Lakers", "poly_slug": "lakers", "poly_abbr": "LAL"},
        "MEM": {"city": "Memphis", "name": "Grizzlies", "poly_slug": "grizzlies", "poly_abbr": "MEM"},
        "MIA": {"city": "Miami", "name": "Heat", "poly_slug": "heat", "poly_abbr": "MIA"},
        "MIL": {"city": "Milwaukee", "name": "Bucks", "poly_slug": "bucks", "poly_abbr": "MIL"},
        "MIN": {"city": "Minnesota", "name": "Timberwolves", "poly_slug": "timberwolves", "poly_abbr": "MIN"},
        "NOP": {"city": "New Orleans", "name": "Pelicans", "poly_slug": "pelicans", "poly_abbr": "NOP"},
        "NYK": {"city": "New York", "name": "Knicks", "poly_slug": "knicks", "poly_abbr": "NYK"},
        "OKC": {"city": "Oklahoma City", "name": "Thunder", "poly_slug": "thunder", "poly_abbr": "OKC"},
        "ORL": {"city": "Orlando", "name": "Magic", "poly_slug": "magic", "poly_abbr": "ORL"},
        "PHI": {"city": "Philadelphia", "name": "76ers", "poly_slug": "76ers", "poly_abbr": "PHI"},
        "PHX": {"city": "Phoenix", "name": "Suns", "poly_slug": "suns", "poly_abbr": "PHX"},
        "POR": {"city": "Portland", "name": "Trail Blazers", "poly_slug": "trail-blazers", "poly_abbr": "POR"},
        "SAC": {"city": "Sacramento", "name": "Kings", "poly_slug": "kings", "poly_abbr": "SAC"},
        "SAS": {"city": "San Antonio", "name": "Spurs", "poly_slug": "spurs", "poly_abbr": "SAS"},
        "TOR": {"city": "Toronto", "name": "Raptors", "poly_slug": "raptors", "poly_abbr": "TOR"},
        "UTA": {"city": "Utah", "name": "Jazz", "poly_slug": "jazz", "poly_abbr": "UTA"},
        "WAS": {"city": "Washington", "name": "Wizards", "poly_slug": "wizards", "poly_abbr": "WAS"}
    },
    "NFL": {
        "ARI": {"city": "Arizona", "name": "Cardinals", "poly_slug": "cardinals", "poly_abbr": "ARI"},
        "ATL": {"city": "Atlanta", "name": "Falcons", "poly_slug": "falcons", "poly_abbr": "ATL"},
        "BAL": {"city": "Baltimore", "name": "Ravens", "poly_slug": "ravens", "poly_abbr": "BAL"},
        "BUF": {"city": "Buffalo", "name": "Bills", "poly_slug": "bills", "poly_abbr": "BUF"},
        "CAR": {"city": "Carolina", "name": "Panthers", "poly_slug": "panthers", "poly_abbr": "CAR"},
        "CHI": {"city": "Chicago", "name": "Bears", "poly_slug": "bears", "poly_abbr": "CHI"},
        "CIN": {"city": "Cincinnati", "name": "Bengals", "poly_slug": "bengals", "poly_abbr": "CIN"},
        "CLE": {"city": "Cleveland", "name": "Browns", "poly_slug": "browns", "poly_abbr": "CLE"},
        "DAL": {"city": "Dallas", "name": "Cowboys", "poly_slug": "cowboys", "poly_abbr": "DAL"},
        "DEN": {"city": "Denver", "name": "Broncos", "poly_slug": "broncos", "poly_abbr": "DEN"},
        "DET": {"city": "Detroit", "name": "Lions", "poly_slug": "lions", "poly_abbr": "DET"},
        "GB":  {"city": "Green Bay", "name": "Packers", "poly_slug": "packers", "poly_abbr": "GB"},
        "HOU": {"city": "Houston", "name": "Texans", "poly_slug": "texans", "poly_abbr": "HOU"},
        "IND": {"city": "Indianapolis", "name": "Colts", "poly_slug": "colts", "poly_abbr": "IND"},
        "JAC": {"city": "Jacksonville", "name": "Jaguars", "poly_slug": "jaguars", "poly_abbr": "JAX"},
        "KC":  {"city": "Kansas City", "name": "Chiefs", "poly_slug": "chiefs", "poly_abbr": "KC"},
        "LV":  {"city": "Las Vegas", "name": "Raiders", "poly_slug": "raiders", "poly_abbr": "LV"},
        "LAC": {"city": "LA", "name": "Chargers", "poly_slug": "chargers", "poly_abbr": "LAC"},
        "LAR": {"city": "LA", "name": "Rams", "poly_slug": "rams", "poly_abbr": "LAR"},
        "MIA": {"city": "Miami", "name": "Dolphins", "poly_slug": "dolphins", "poly_abbr": "MIA"},
        "MIN": {"city": "Minnesota", "name": "Vikings", "poly_slug": "vikings", "poly_abbr": "MIN"},
        "NE":  {"city": "New England", "name": "Patriots", "poly_slug": "patriots", "poly_abbr": "NE"},
        "NO":  {"city": "New Orleans", "name": "Saints", "poly_slug": "saints", "poly_abbr": "NO"},
        "NYG": {"city": "New York", "name": "Giants", "poly_slug": "giants", "poly_abbr": "NYG"},
        "NYJ": {"city": "New York", "name": "Jets", "poly_slug": "jets", "poly_abbr": "NYJ"},
        "PHI": {"city": "Philadelphia", "name": "Eagles", "poly_slug": "eagles", "poly_abbr": "PHI"},
        "PIT": {"city": "Pittsburgh", "name": "Steelers", "poly_slug": "steelers", "poly_abbr": "PIT"},
        "SF":  {"city": "San Francisco", "name": "49ers", "poly_slug": "49ers", "poly_abbr": "SF"},
        "SEA": {"city": "Seattle", "name": "Seahawks", "poly_slug": "seahawks", "poly_abbr": "SEA"},
        "TB":  {"city": "Tampa Bay", "name": "Buccaneers", "poly_slug": "buccaneers", "poly_abbr": "TB"},
        "TEN": {"city": "Tennessee", "name": "Titans", "poly_slug": "titans", "poly_abbr": "TEN"},
        "WAS": {"city": "Washington", "name": "Commanders", "poly_slug": "commanders", "poly_abbr": "WAS"}
    },
    "MLB": {
        "AZ":  {"city": "Arizona", "name": "Diamondbacks", "poly_slug": "diamondbacks", "poly_abbr": "AZ"},
        "ATL": {"city": "Atlanta", "name": "Braves", "poly_slug": "braves", "poly_abbr": "ATL"},
        "BAL": {"city": "Baltimore", "name": "Orioles", "poly_slug": "orioles", "poly_abbr": "BAL"},
        "BOS": {"city": "Boston", "name": "Red Sox", "poly_slug": "red-sox", "poly_abbr": "BOS"},
        "CHC": {"city": "Chicago", "name": "Cubs", "poly_slug": "cubs", "poly_abbr": "CHC"},
        "CWS": {"city": "Chicago", "name": "White Sox", "poly_slug": "white-sox", "poly_abbr": "CWS"},
        "CIN": {"city": "Cincinnati", "name": "Reds", "poly_slug": "reds", "poly_abbr": "CIN"},
        "CLE": {"city": "Cleveland", "name": "Guardians", "poly_slug": "guardians", "poly_abbr": "CLE"},
        "COL": {"city": "Colorado", "name": "Rockies", "poly_slug": "rockies", "poly_abbr": "COL"},
        "DET": {"city": "Detroit", "name": "Tigers", "poly_slug": "tigers", "poly_abbr": "DET"},
        "HOU": {"city": "Houston", "name": "Astros", "poly_slug": "astros", "poly_abbr": "HOU"},
        "KC":  {"city": "Kansas City", "name": "Royals", "poly_slug": "royals", "poly_abbr": "KC"},
        "LAA": {"city": "LA", "name": "Angels", "poly_slug": "angels", "poly_abbr": "LAA"},
        "LAD": {"city": "LA", "name": "Dodgers", "poly_slug": "dodgers", "poly_abbr": "LAD"},
        "MIA": {"city": "Miami", "name": "Marlins", "poly_slug": "marlins", "poly_abbr": "MIA"},
        "MIL": {"city": "Milwaukee", "name": "Brewers", "poly_slug": "brewers", "poly_abbr": "MIL"},
        "MIN": {"city": "Minnesota", "name": "Twins", "poly_slug": "twins", "poly_abbr": "MIN"},
        "NYM": {"city": "New York", "name": "Mets", "poly_slug": "mets", "poly_abbr": "NYM"},
        "NYY": {"city": "New York", "name": "Yankees", "poly_slug": "yankees", "poly_abbr": "NYY"},
        "ATH": {"city": "Oakland", "name": "Athletics", "poly_slug": "athletics", "poly_abbr": "ATH"},
        "PHI": {"city": "Philadelphia", "name": "Phillies", "poly_slug": "phillies", "poly_abbr": "PHI"},
        "PIT": {"city": "Pittsburgh", "name": "Pirates", "poly_slug": "pirates", "poly_abbr": "PIT"},
        "SD":  {"city": "San Diego", "name": "Padres", "poly_slug": "padres", "poly_abbr": "SD"},
        "SF":  {"city": "San Francisco", "name": "Giants", "poly_slug": "giants", "poly_abbr": "SF"},
        "SEA": {"city": "Seattle", "name": "Mariners", "poly_slug": "mariners", "poly_abbr": "SEA"},
        "STL": {"city": "St. Louis", "name": "Cardinals", "poly_slug": "cardinals", "poly_abbr": "STL"},
        "TB":  {"city": "Tampa Bay", "name": "Rays", "poly_slug": "rays", "poly_abbr": "TB"},
        "TEX": {"city": "Texas", "name": "Rangers", "poly_slug": "rangers", "poly_abbr": "TEX"},
        "TOR": {"city": "Toronto", "name": "Blue Jays", "poly_slug": "blue-jays", "poly_abbr": "TOR"},
        "WSH": {"city": "Washington", "name": "Nationals", "poly_slug": "nationals", "poly_abbr": "WSH"}
    },
    "NHL": {
        "ANA": {"city": "Anaheim", "name": "Ducks", "poly_slug": "ducks", "poly_abbr": "ANA"},
        "BOS": {"city": "Boston", "name": "Bruins", "poly_slug": "bruins", "poly_abbr": "BOS"},
        "BUF": {"city": "Buffalo", "name": "Sabres", "poly_slug": "sabres", "poly_abbr": "BUF"},
        "CGY": {"city": "Calgary", "name": "Flames", "poly_slug": "flames", "poly_abbr": "CGY"},
        "CAR": {"city": "Carolina", "name": "Hurricanes", "poly_slug": "hurricanes", "poly_abbr": "CAR"},
        "CHI": {"city": "Chicago", "name": "Blackhawks", "poly_slug": "blackhawks", "poly_abbr": "CHI"},
        "COL": {"city": "Colorado", "name": "Avalanche", "poly_slug": "avalanche", "poly_abbr": "COL"},
        "CBJ": {"city": "Columbus", "name": "Blue Jackets", "poly_slug": "blue-jackets", "poly_abbr": "CBJ"},
        "DAL": {"city": "Dallas", "name": "Stars", "poly_slug": "stars", "poly_abbr": "DAL"},
        "DET": {"city": "Detroit", "name": "Red Wings", "poly_slug": "red-wings", "poly_abbr": "DET"},
        "EDM": {"city": "Edmonton", "name": "Oilers", "poly_slug": "oilers", "poly_abbr": "EDM"},
        "FLA": {"city": "Florida", "name": "Panthers", "poly_slug": "panthers", "poly_abbr": "FLA"},
        "LAK": {"city": "LA", "name": "Kings", "poly_slug": "kings", "poly_abbr": "LAK"},
        "MIN": {"city": "Minnesota", "name": "Wild", "poly_slug": "wild", "poly_abbr": "MIN"},
        "MTL": {"city": "Montreal", "name": "Canadiens", "poly_slug": "canadiens", "poly_abbr": "MON"},
        "NSH": {"city": "Nashville", "name": "Predators", "poly_slug": "predators", "poly_abbr": "NSH"},
        "NJD": {"city": "New Jersey", "name": "Devils", "poly_slug": "devils", "poly_abbr": "NJD"},
        "NYI": {"city": "New York", "name": "Islanders", "poly_slug": "islanders", "poly_abbr": "NYI"},
        "NYR": {"city": "New York", "name": "Rangers", "poly_slug": "rangers", "poly_abbr": "NYR"},
        "OTT": {"city": "Ottawa", "name": "Senators", "poly_slug": "senators", "poly_abbr": "OTT"},
        "PHI": {"city": "Philadelphia", "name": "Flyers", "poly_slug": "flyers", "poly_abbr": "PHI"},
        "PIT": {"city": "Pittsburgh", "name": "Penguins", "poly_slug": "penguins", "poly_abbr": "PIT"},
        "SJS": {"city": "San Jose", "name": "Sharks", "poly_slug": "sharks", "poly_abbr": "SJS"},
        "SEA": {"city": "Seattle", "name": "Kraken", "poly_slug": "kraken", "poly_abbr": "SEA"},
        "STL": {"city": "St. Louis", "name": "Blues", "poly_slug": "blues", "poly_abbr": "STL"},
        "TBL": {"city": "Tampa Bay", "name": "Lightning", "poly_slug": "lightning", "poly_abbr": "TBL"},
        "TOR": {"city": "Toronto", "name": "Maple Leafs", "poly_slug": "maple-leafs", "poly_abbr": "TOR"},
        "UTA": {"city": "Utah", "name": "Hockey Team", "poly_slug": "hockey-team", "poly_abbr": "UTA"},
        "VAN": {"city": "Vancouver", "name": "Canucks", "poly_slug": "canucks", "poly_abbr": "VAN"},
        "VGK": {"city": "Vegas", "name": "Golden Knights", "poly_slug": "golden-knights", "poly_abbr": "VGK"},
        "WSH": {"city": "Washington", "name": "Capitals", "poly_slug": "capitals", "poly_abbr": "WSH"},
        "WPG": {"city": "Winnipeg", "name": "Jets", "poly_slug": "jets", "poly_abbr": "WPG"}
    }
}